Title,Start Time,Registered End Time,Real Duration
idle,2024-02-05 12:58:57.326401,2024-02-05 15:43:27.711572,0 days 00:49:50
Desktop,2024-02-05 12:51:17.366890,2024-02-05 20:57:14.024759,0 days 00:03:40
WhatsApp,2024-02-05 12:47:22.822912,2024-02-05 20:57:23.099237,0 days 00:11:10
Games,2024-02-05 13:24:32.614674,2024-02-05 13:34:00.641111,0 days 00:00:20
Editing Attendence-Assistant/README.md at main · KrishnarajT/Attendence-Assistant and 18 more pages - Personal - Microsoft​ Edge,2024-02-05 13:24:56.883784,2024-02-05 13:25:37.317844,0 days 00:00:40
KrishnarajT/Attendence-Assistant: Mini Project for Semester 6 - A System for monitoring Attendence in classrooms using Cameras and Face Detection. and 18 more pages - Personal - Microsoft​ Edge,2024-02-05 13:24:50.819306,2024-02-05 13:26:03.586659,0 days 00:00:20
To-Do | Default view,2024-02-05 12:46:05.005015,2024-02-05 13:34:26.922402,0 days 00:01:10
Whatcha Doin,2024-02-05 13:24:31.603358,2024-02-05 14:24:18.941552,0 days 00:04:50
Windows PowerShell,2024-02-05 12:44:10.797243,2024-02-05 20:57:45.280207,0 days 00:10:00
1337x.to and 19 more pages - Personal - Microsoft​ Edge,2024-02-05 13:32:08.435952,2024-02-05 13:32:37.762525,0 days 00:00:20
Downloads,2024-02-05 13:31:40.120558,2024-02-05 13:45:08.539845,0 days 00:01:00
ChatGPT and 9 more pages - Personal - Microsoft​ Edge,2024-02-05 13:35:37.640457,2024-02-05 13:38:53.735747,0 days 00:00:20
Download Free Clock Icons | Reshot and 10 more pages - Personal - Microsoft​ Edge,2024-02-05 13:39:33.098923,2024-02-05 13:39:43.207886,0 days 00:00:10
neumorphic - Google Search and 11 more pages - Personal - Microsoft​ Edge,2024-02-05 13:40:56.981917,2024-02-05 13:41:07.075722,0 days 00:00:10
reshot-icon-clock-ZT65EDGQUH.svg - Inkscape,2024-02-05 13:43:10.306468,2024-02-05 13:43:33.530739,0 days 00:00:20
dist,2024-02-05 13:42:31.923252,2024-02-05 14:16:39.290536,0 days 00:00:30
DSML,2024-02-05 13:50:36.828592,2024-02-05 14:09:06.789501,0 days 00:02:30
ChatGPT and 11 more pages - Personal - Microsoft​ Edge,2024-02-05 13:44:18.020111,2024-02-05 14:15:02.305685,0 days 00:02:50
Windows PowerShell - powershell,2024-02-05 14:09:59.298959,2024-02-05 14:23:22.371958,0 days 00:05:20
Administrator: Windows PowerShell,2024-02-05 14:11:01.918333,2024-02-05 14:11:12.002863,0 days 00:00:10
P:\Programs\DSML\Whatcha Doin\dist\main.exe,2024-02-05 13:42:33.943887,2024-02-05 14:21:02.892522,0 days 00:00:30
Text to ASCII Art Generator (TAAG) and 10 more pages - Personal - Microsoft​ Edge,2024-02-05 14:17:01.526799,2024-02-05 14:17:11.635810,0 days 00:00:10
main.py - Whatcha Doin - Visual Studio Code - Insiders,2024-02-05 13:50:12.563811,2024-02-05 14:39:02.743970,0 days 00:01:40
New release · KrishnarajT/Whatcha-doin and 10 more pages - Personal - Microsoft​ Edge,2024-02-05 14:18:39.503883,2024-02-05 14:20:15.426139,0 days 00:01:30
Settings,2024-02-05 14:23:31.453641,2024-02-05 14:24:01.757603,0 days 00:00:30
main.py - Visual Studio Code - Insiders,2024-02-05 14:24:29.051284,2024-02-05 14:26:10.093240,0 days 00:01:40
main.py - Data Science - Visual Studio Code - Insiders,2024-02-05 14:26:15.139363,2024-02-05 14:26:45.454385,0 days 00:00:30
data.csv - Whatcha Doin - Visual Studio Code - Insiders,2024-02-05 14:28:09.746881,2024-02-05 14:29:09.374692,0 days 00:00:50
Call of Duty®: Modern Warfare® 2 Campaign Remastered,2024-02-05 14:53:02.900908,2024-02-05 15:44:03.115011,0 days 00:49:10
Unknown,2024-02-05 14:52:52.801957,2024-02-05 15:48:15.385052,0 days 00:00:10
