[{"Title":"idle","Start Time":"2024-02-05 12:58:57.326401","Registered End Time":"2024-02-05 15:43:27.711572","Real Duration":2990000},{"Title":"Desktop","Start Time":"2024-02-05 12:51:17.366890","Registered End Time":"2024-02-05 20:57:14.024759","Real Duration":220000},{"Title":"WhatsApp","Start Time":"2024-02-05 12:47:22.822912","Registered End Time":"2024-02-05 20:57:23.099237","Real Duration":670000},{"Title":"Games","Start Time":"2024-02-05 13:24:32.614674","Registered End Time":"2024-02-05 13:34:00.641111","Real Duration":20000},{"Title":"Editing Attendence-Assistant\/README.md at main \u00b7 KrishnarajT\/Attendence-Assistant and 18 more pages - Personal - Microsoft\u200b Edge","Start Time":"2024-02-05 13:24:56.883784","Registered End Time":"2024-02-05 13:25:37.317844","Real Duration":40000},{"Title":"KrishnarajT\/Attendence-Assistant: Mini Project for Semester 6 - A System for monitoring Attendence in classrooms using Cameras and Face Detection. and 18 more pages - Personal - Microsoft\u200b Edge","Start Time":"2024-02-05 13:24:50.819306","Registered End Time":"2024-02-05 13:26:03.586659","Real Duration":20000},{"Title":"To-Do | Default view","Start Time":"2024-02-05 12:46:05.005015","Registered End Time":"2024-02-05 13:34:26.922402","Real Duration":70000},{"Title":"Whatcha Doin","Start Time":"2024-02-05 13:24:31.603358","Registered End Time":"2024-02-05 14:24:18.941552","Real Duration":290000},{"Title":"Windows PowerShell","Start Time":"2024-02-05 12:44:10.797243","Registered End Time":"2024-02-05 20:57:45.280207","Real Duration":600000},{"Title":"1337x.to and 19 more pages - Personal - Microsoft\u200b Edge","Start Time":"2024-02-05 13:32:08.435952","Registered End Time":"2024-02-05 13:32:37.762525","Real Duration":20000},{"Title":"Downloads","Start Time":"2024-02-05 13:31:40.120558","Registered End Time":"2024-02-05 13:45:08.539845","Real Duration":60000},{"Title":"ChatGPT and 9 more pages - Personal - Microsoft\u200b Edge","Start Time":"2024-02-05 13:35:37.640457","Registered End Time":"2024-02-05 13:38:53.735747","Real Duration":20000},{"Title":"Download Free Clock Icons | Reshot and 10 more pages - Personal - Microsoft\u200b Edge","Start Time":"2024-02-05 13:39:33.098923","Registered End Time":"2024-02-05 13:39:43.207886","Real Duration":10000},{"Title":"neumorphic - Google Search and 11 more pages - Personal - Microsoft\u200b Edge","Start Time":"2024-02-05 13:40:56.981917","Registered End Time":"2024-02-05 13:41:07.075722","Real Duration":10000},{"Title":"reshot-icon-clock-ZT65EDGQUH.svg - Inkscape","Start Time":"2024-02-05 13:43:10.306468","Registered End Time":"2024-02-05 13:43:33.530739","Real Duration":20000},{"Title":"dist","Start Time":"2024-02-05 13:42:31.923252","Registered End Time":"2024-02-05 14:16:39.290536","Real Duration":30000},{"Title":"DSML","Start Time":"2024-02-05 13:50:36.828592","Registered End Time":"2024-02-05 14:09:06.789501","Real Duration":150000},{"Title":"ChatGPT and 11 more pages - Personal - Microsoft\u200b Edge","Start Time":"2024-02-05 13:44:18.020111","Registered End Time":"2024-02-05 14:15:02.305685","Real Duration":170000},{"Title":"Windows PowerShell - powershell","Start Time":"2024-02-05 14:09:59.298959","Registered End Time":"2024-02-05 14:23:22.371958","Real Duration":320000},{"Title":"Administrator: Windows PowerShell","Start Time":"2024-02-05 14:11:01.918333","Registered End Time":"2024-02-05 14:11:12.002863","Real Duration":10000},{"Title":"P:\\Programs\\DSML\\Whatcha Doin\\dist\\main.exe","Start Time":"2024-02-05 13:42:33.943887","Registered End Time":"2024-02-05 14:21:02.892522","Real Duration":30000},{"Title":"Text to ASCII Art Generator (TAAG) and 10 more pages - Personal - Microsoft\u200b Edge","Start Time":"2024-02-05 14:17:01.526799","Registered End Time":"2024-02-05 14:17:11.635810","Real Duration":10000},{"Title":"main.py - Whatcha Doin - Visual Studio Code - Insiders","Start Time":"2024-02-05 13:50:12.563811","Registered End Time":"2024-02-05 14:39:02.743970","Real Duration":100000},{"Title":"New release \u00b7 KrishnarajT\/Whatcha-doin and 10 more pages - Personal - Microsoft\u200b Edge","Start Time":"2024-02-05 14:18:39.503883","Registered End Time":"2024-02-05 14:20:15.426139","Real Duration":90000},{"Title":"Settings","Start Time":"2024-02-05 14:23:31.453641","Registered End Time":"2024-02-05 14:24:01.757603","Real Duration":30000},{"Title":"main.py - Visual Studio Code - Insiders","Start Time":"2024-02-05 14:24:29.051284","Registered End Time":"2024-02-05 14:26:10.093240","Real Duration":100000},{"Title":"main.py - Data Science - Visual Studio Code - Insiders","Start Time":"2024-02-05 14:26:15.139363","Registered End Time":"2024-02-05 14:26:45.454385","Real Duration":30000},{"Title":"data.csv - Whatcha Doin - Visual Studio Code - Insiders","Start Time":"2024-02-05 14:28:09.746881","Registered End Time":"2024-02-05 14:29:09.374692","Real Duration":50000},{"Title":"Call of Duty\u00ae: Modern Warfare\u00ae 2 Campaign Remastered","Start Time":"2024-02-05 14:53:02.900908","Registered End Time":"2024-02-05 15:44:03.115011","Real Duration":2950000},{"Title":"Unknown","Start Time":"2024-02-05 14:52:52.801957","Registered End Time":"2024-02-05 15:48:15.385052","Real Duration":10000}]